법정동코드,시군구명,법정동명,관측품질,CI,주거비_압박지수,LDRI,위험유형,차원비교유형
1150010400,강서구,가양동,주거비관측,0.506445,0.2032,52.622969,강제잔류·압박형,CI 높음 / 주거비 높음
1150010200,강서구,등촌동,주거비관측,0.499286,0.2206,56.510434,강제잔류·압박형,CI 높음 / 주거비 높음
1162010100,관악구,봉천동,주거비관측,0.500916,0.2056,52.66527,강제잔류·압박형,CI 높음 / 주거비 높음
1121510900,광진구,군자동,주거비관측,0.51708,0.2351,62.650115,강제잔류·압박형,CI 높음 / 주거비 높음
1153010300,구로구,가리봉동,주거비관측,0.562308,0.2057,59.479695,강제잔류·압박형,CI 높음 / 주거비 높음
1153010800,구로구,오류동,주거비관측,0.416073,0.2118,44.676098,강제잔류·압박형,CI 높음 / 주거비 높음
1123010200,동대문구,용두동,주거비관측,0.474398,0.2369,57.715758,강제잔류·압박형,CI 높음 / 주거비 높음
1123011000,동대문구,이문동,주거비관측,0.433791,0.2543,56.602212,강제잔류·압박형,CI 높음 / 주거비 높음
1123010700,동대문구,청량리동,주거비관측,0.482688,0.2263,56.021242,강제잔류·압박형,CI 높음 / 주거비 높음
1159010100,동작구,노량진동,주거비관측,0.495965,0.2503,64.033909,강제잔류·압박형,CI 높음 / 주거비 높음
1159010200,동작구,상도동,주거비관측,0.405498,0.2012,41.161924,강제잔류·압박형,CI 높음 / 주거비 높음
1144011000,마포구,노고산동,주거비관측,0.513985,0.2352,62.286747,강제잔류·압박형,CI 높음 / 주거비 높음
1144012100,마포구,동교동,주거비관측,0.517905,0.2497,66.818542,강제잔류·압박형,CI 높음 / 주거비 높음
1144012000,마포구,서교동,주거비관측,0.518278,0.2033,53.943096,강제잔류·압박형,CI 높음 / 주거비 높음
1144012500,마포구,성산동,주거비관측,0.435133,0.2063,45.559467,강제잔류·압박형,CI 높음 / 주거비 높음
1144010300,마포구,신공덕동,주거비관측,0.40321,0.2075,42.27982,강제잔류·압박형,CI 높음 / 주거비 높음
1144011100,마포구,신수동,주거비관측,0.411989,0.2083,43.436096,강제잔류·압박형,CI 높음 / 주거비 높음
1144012200,마포구,합정동,주거비관측,0.452848,0.2133,49.227622,강제잔류·압박형,CI 높음 / 주거비 높음
1141011300,서대문구,대신동,주거비관측,0.641226,0.2792,93.536476,강제잔류·압박형,CI 높음 / 주거비 높음
1141011400,서대문구,신촌동,주거비관측,0.640695,0.2551,85.15775,강제잔류·압박형,CI 높음 / 주거비 높음
1141011600,서대문구,창천동,주거비관측,0.641854,0.2289,76.277943,강제잔류·압박형,CI 높음 / 주거비 높음
1141010200,서대문구,충정로3가,주거비관측,0.412755,0.218,45.67377,강제잔류·압박형,CI 높음 / 주거비 높음
1120010600,성동구,사근동,주거비관측,0.592632,0.2053,62.704869,강제잔류·압박형,CI 높음 / 주거비 높음
1120011500,성동구,성수동2가,주거비관측,0.40936,0.2227,46.310135,강제잔류·압박형,CI 높음 / 주거비 높음
1120011800,성동구,송정동,주거비관측,0.512113,0.2151,56.517417,강제잔류·압박형,CI 높음 / 주거비 높음
1120012200,성동구,용답동,주거비관측,0.574601,0.2804,83.909075,강제잔류·압박형,CI 높음 / 주거비 높음
1129011700,성북구,동선동2가,주거비관측,0.549519,0.2573,73.306219,강제잔류·압박형,CI 높음 / 주거비 높음
1129011800,성북구,동선동3가,주거비관측,0.548663,0.2814,80.294824,강제잔류·압박형,CI 높음 / 주거비 높음
1129011100,성북구,삼선동1가,주거비관측,0.424454,0.3082,67.622499,강제잔류·압박형,CI 높음 / 주거비 높음
1129011300,성북구,삼선동3가,주거비관측,0.424173,0.2508,54.489575,강제잔류·압박형,CI 높음 / 주거비 높음
1129011400,성북구,삼선동4가,주거비관측,0.4254,0.2186,47.292649,강제잔류·압박형,CI 높음 / 주거비 높음
1129012100,성북구,안암동1가,주거비관측,0.58265,0.2259,68.054576,강제잔류·압박형,CI 높음 / 주거비 높음
1129012300,성북구,안암동3가,주거비관측,0.582617,0.2184,65.70205,강제잔류·압박형,CI 높음 / 주거비 높음
1129012500,성북구,안암동5가,주거비관측,0.582295,0.2084,62.534443,강제잔류·압박형,CI 높음 / 주거비 높음
1171011400,송파구,마천동,주거비관측,0.413645,0.2264,47.645663,강제잔류·압박형,CI 높음 / 주거비 높음
1171010500,송파구,석촌동,주거비관측,0.465291,0.2021,47.853166,강제잔류·압박형,CI 높음 / 주거비 높음
1156011700,영등포구,당산동,주거비관측,0.421237,0.2167,46.373337,강제잔류·압박형,CI 높음 / 주거비 높음
1156011100,영등포구,당산동1가,주거비관측,0.464752,0.2285,54.389182,강제잔류·압박형,CI 높음 / 주거비 높음
1156011400,영등포구,당산동4가,주거비관측,0.4214,0.2202,47.184985,강제잔류·압박형,CI 높음 / 주거비 높음
1156011600,영등포구,당산동6가,주거비관측,0.421269,0.2174,46.535586,강제잔류·압박형,CI 높음 / 주거비 높음
1156011800,영등포구,도림동,주거비관측,0.458532,0.243,57.198943,강제잔류·압박형,CI 높음 / 주거비 높음
1156013200,영등포구,신길동,주거비관측,0.40546,0.2257,46.497077,강제잔류·압박형,CI 높음 / 주거비 높음
1156012500,영등포구,양평동1가,주거비관측,0.444599,0.2972,68.331062,강제잔류·압박형,CI 높음 / 주거비 높음
1156012600,영등포구,양평동2가,주거비관측,0.444419,0.4299,100,강제잔류·압박형,CI 높음 / 주거비 높음
1156012900,영등포구,양평동5가,주거비관측,0.408368,0.2214,45.906019,강제잔류·압박형,CI 높음 / 주거비 높음
1156013000,영등포구,양평동6가,주거비관측,0.408612,0.24,50.020046,강제잔류·압박형,CI 높음 / 주거비 높음
1156010100,영등포구,영등포동,주거비관측,0.600818,0.2043,63.285235,강제잔류·압박형,CI 높음 / 주거비 높음
1156010500,영등포구,영등포동4가,주거비관측,0.640635,0.2023,66.968768,강제잔류·압박형,CI 높음 / 주거비 높음
1156010700,영등포구,영등포동6가,주거비관측,0.641106,0.204,67.605846,강제잔류·압박형,CI 높음 / 주거비 높음
1156010800,영등포구,영등포동7가,주거비관측,0.641912,0.2043,67.797659,강제잔류·압박형,CI 높음 / 주거비 높음
1156010900,영등포구,영등포동8가,주거비관측,0.641821,0.2257,75.170059,강제잔류·압박형,CI 높음 / 주거비 높음
1117010700,용산구,동자동,주거비관측,0.752486,0.229,89.929492,강제잔류·압박형,CI 높음 / 주거비 높음
1117010800,용산구,서계동,주거비관측,0.53338,0.2116,57.972854,강제잔류·압박형,CI 높음 / 주거비 높음
1117010200,용산구,용산동2가,주거비관측,0.476553,0.2228,54.378581,강제잔류·압박형,CI 높음 / 주거비 높음
1117012600,용산구,용산동3가,주거비관측,0.407075,0.3261,68.66002,강제잔류·압박형,CI 높음 / 주거비 높음
1117011200,용산구,원효로1가,주거비관측,0.459265,0.2349,55.295182,강제잔류·압박형,CI 높음 / 주거비 높음
1117011300,용산구,원효로2가,주거비관측,0.459288,0.2425,57.174222,강제잔류·압박형,CI 높음 / 주거비 높음
1117013000,용산구,이태원동,주거비관측,0.426627,0.2265,49.248302,강제잔류·압박형,CI 높음 / 주거비 높음
1117010900,용산구,청파동1가,주거비관측,0.533148,0.2308,63.448328,강제잔류·압박형,CI 높음 / 주거비 높음
1117011000,용산구,청파동2가,주거비관측,0.533226,0.2155,59.072988,강제잔류·압박형,CI 높음 / 주거비 높음
1117011100,용산구,청파동3가,주거비관측,0.532764,0.2033,55.52606,강제잔류·압박형,CI 높음 / 주거비 높음
1117012400,용산구,한강로1가,주거비관측,0.410736,0.2009,41.66214,강제잔류·압박형,CI 높음 / 주거비 높음
1117012500,용산구,한강로2가,주거비관측,0.410523,0.2826,59.66614,강제잔류·압박형,CI 높음 / 주거비 높음
1117010100,용산구,후암동,주거비관측,0.435371,0.214,47.387734,강제잔류·압박형,CI 높음 / 주거비 높음
1138010600,은평구,대조동,주거비관측,0.485457,0.2022,50.069782,강제잔류·압박형,CI 높음 / 주거비 높음
1138010300,은평구,불광동,주거비관측,0.418395,0.2031,42.983909,강제잔류·압박형,CI 높음 / 주거비 높음
1111015500,종로구,관수동,주거비관측,0.652425,0.2036,68.706678,강제잔류·압박형,CI 높음 / 주거비 높음
1111016800,종로구,동숭동,주거비관측,0.500037,0.2265,58.185211,강제잔류·압박형,CI 높음 / 주거비 높음
1111017500,종로구,숭인동,주거비관측,0.522956,0.3486,95.295259,강제잔류·압박형,CI 높음 / 주거비 높음
1111017400,종로구,창신동,주거비관측,0.430114,0.2028,44.193832,강제잔류·압박형,CI 높음 / 주거비 높음
1111016900,종로구,혜화동,주거비관측,0.472448,0.2109,50.865154,강제잔류·압박형,CI 높음 / 주거비 높음
1114016200,중구,신당동,주거비관측,0.406429,0.2115,43.512645,강제잔류·압박형,CI 높음 / 주거비 높음
1114014700,중구,쌍림동,주거비관측,0.550036,0.2123,60.074025,강제잔류·압박형,CI 높음 / 주거비 높음
1114014200,중구,예장동,주거비관측,0.446381,0.2413,55.204007,강제잔류·압박형,CI 높음 / 주거비 높음
1114014300,중구,장충동1가,주거비관측,0.51251,0.2365,62.458281,강제잔류·압박형,CI 높음 / 주거비 높음
1114014400,중구,장충동2가,주거비관측,0.506052,0.2312,60.195851,강제잔류·압박형,CI 높음 / 주거비 높음
1114012100,중구,회현동1가,주거비관측,0.472485,0.246,59.783139,강제잔류·압박형,CI 높음 / 주거비 높음
1126010500,중랑구,망우동,주거비관측,0.456823,0.2006,46.564995,강제잔류·압박형,CI 높음 / 주거비 높음
1126010100,중랑구,면목동,주거비관측,0.438395,0.2026,45.049373,강제잔류·압박형,CI 높음 / 주거비 높음
1126010300,중랑구,중화동,주거비관측,0.468414,0.202,48.16722,강제잔류·압박형,CI 높음 / 주거비 높음
1168011800,강남구,도곡동,주거비관측,0.20551,0.1823,17.447297,안정형,CI 낮음 / 주거비 낮음
1168010500,강남구,삼성동,주거비관측,0.316759,0.191,29.828987,안정형,CI 낮음 / 주거비 낮음
1168010700,강남구,신사동,주거비관측,0.239922,0.1848,21.14142,안정형,CI 낮음 / 주거비 낮음
1168011300,강남구,율현동,주거비관측,0.374844,0.0967,16.7931,안정형,CI 낮음 / 주거비 낮음
1168011200,강남구,자곡동,주거비관측,0.375311,0.1634,30.272353,안정형,CI 낮음 / 주거비 낮음
1174010500,강동구,길동,주거비관측,0.38844,0.1876,36.477892,안정형,CI 낮음 / 주거비 낮음
1174010600,강동구,둔촌동,주거비관측,0.31361,0.1896,29.269775,안정형,CI 낮음 / 주거비 낮음
1174010100,강동구,명일동,주거비관측,0.248426,0.19,22.680474,안정형,CI 낮음 / 주거비 낮음
1174010300,강동구,상일동,주거비관측,0.275549,0.2005,27.005422,안정형,CI 낮음 / 주거비 낮음
1174010700,강동구,암사동,주거비관측,0.32815,0.1921,31.192395,안정형,CI 낮음 / 주거비 낮음
1130510400,강북구,우이동,주거비관측,0.38002,0.1968,37.508001,안정형,CI 낮음 / 주거비 낮음
1150010800,강서구,공항동,주거비관측,0.33946,0.1938,32.670291,안정형,CI 낮음 / 주거비 낮음
1150010100,강서구,염창동,주거비관측,0.369455,0.1957,36.172036,안정형,CI 낮음 / 주거비 낮음
1150010700,강서구,외발산동,주거비관측,0.293979,0.1916,27.585211,안정형,CI 낮음 / 주거비 낮음
1121510300,광진구,구의동,주거비관측,0.391657,0.1988,39.15992,안정형,CI 낮음 / 주거비 낮음
1153010700,구로구,개봉동,주거비관측,0.31656,0.1775,27.51156,안정형,CI 낮음 / 주거비 낮음
1153010200,구로구,구로동,주거비관측,0.39831,0.1811,36.081478,안정형,CI 낮음 / 주거비 낮음
1153010900,구로구,궁동,주거비관측,0.33712,0.1825,30.379028,안정형,CI 낮음 / 주거비 낮음
1153011100,구로구,천왕동,주거비관측,0.332993,0.1126,17.463683,안정형,CI 낮음 / 주거비 낮음
1153011200,구로구,항동,주거비관측,0.312464,0.1768,27.00323,안정형,CI 낮음 / 주거비 낮음
1135010500,노원구,상계동,주거비관측,0.353366,0.194,34.156858,안정형,CI 낮음 / 주거비 낮음
1135010600,노원구,중계동,주거비관측,0.348296,0.192,33.253813,안정형,CI 낮음 / 주거비 낮음
1132010800,도봉구,도봉동,주거비관측,0.377193,0.1665,31.066099,안정형,CI 낮음 / 주거비 낮음
1132010600,도봉구,방학동,주거비관측,0.36889,0.1658,30.184242,안정형,CI 낮음 / 주거비 낮음
1123010600,동대문구,장안동,주거비관측,0.360977,0.1969,35.513069,안정형,CI 낮음 / 주거비 낮음
1123010400,동대문구,전농동,주거비관측,0.387495,0.1928,37.465559,안정형,CI 낮음 / 주거비 낮음
1144011500,마포구,상수동,주거비관측,0.39169,0.1718,33.479288,안정형,CI 낮음 / 주거비 낮음
1144012700,마포구,상암동,주거비관측,0.353229,0.1996,35.205755,안정형,CI 낮음 / 주거비 낮음
1144010100,마포구,아현동,주거비관측,0.362838,0.1577,28.065324,안정형,CI 낮음 / 주거비 낮음
1144011400,마포구,창전동,주거비관측,0.391758,0.1701,33.127592,안정형,CI 낮음 / 주거비 낮음
1144011600,마포구,하중동,주거비관측,0.391337,0.0657,11.129901,안정형,CI 낮음 / 주거비 낮음
1141010500,서대문구,냉천동,주거비관측,0.367462,0.1506,27.05496,안정형,CI 낮음 / 주거비 낮음
1141011900,서대문구,북가좌동,주거비관측,0.343932,0.1934,33.062245,안정형,CI 낮음 / 주거비 낮음
1141011000,서대문구,북아현동,주거비관측,0.398638,0.1508,29.621314,안정형,CI 낮음 / 주거비 낮음
1141010800,서대문구,영천동,주거비관측,0.367107,0.1152,20.04131,안정형,CI 낮음 / 주거비 낮음
1141011800,서대문구,홍은동,주거비관측,0.34695,0.1975,34.140495,안정형,CI 낮음 / 주거비 낮음
1165010900,서초구,내곡동,주거비관측,0.298228,0.1139,15.568076,안정형,CI 낮음 / 주거비 낮음
1165011100,서초구,신원동,주거비관측,0.298147,0.1893,27.645833,안정형,CI 낮음 / 주거비 낮음
1165011000,서초구,염곡동,주거비관측,0.296663,0.1094,14.75475,안정형,CI 낮음 / 주거비 낮음
1165010300,서초구,우면동,주거비관측,0.356908,0.1781,31.476024,안정형,CI 낮음 / 주거비 낮음
1120010900,성동구,금호동1가,주거비관측,0.346527,0.1812,31.059705,안정형,CI 낮음 / 주거비 낮음
1120011200,성동구,금호동4가,주거비관측,0.330416,0.1736,28.140924,안정형,CI 낮음 / 주거비 낮음
1120011400,성동구,성수동1가,주거비관측,0.379821,0.1987,37.874817,안정형,CI 낮음 / 주거비 낮음
1120010200,성동구,하왕십리동,주거비관측,0.383985,0.199,38.381449,안정형,CI 낮음 / 주거비 낮음
1120010300,성동구,홍익동,주거비관측,0.38621,0.1283,23.943416,안정형,CI 낮음 / 주거비 낮음
1129010400,성북구,동소문동1가,주거비관측,0.390933,0.1645,31.875502,안정형,CI 낮음 / 주거비 낮음
1129013900,성북구,석관동,주거비관측,0.397715,0.1853,36.921398,안정형,CI 낮음 / 주거비 낮음
1129013300,성북구,정릉동,주거비관측,0.359532,0.1711,30.374488,안정형,CI 낮음 / 주거비 낮음
1171010800,송파구,문정동,주거비관측,0.379637,0.1949,37.079766,안정형,CI 낮음 / 주거비 낮음
1171010400,송파구,송파동,주거비관측,0.370704,0.196,36.363162,안정형,CI 낮음 / 주거비 낮음
1171010100,송파구,잠실동,주거비관측,0.267191,0.199,25.889249,안정형,CI 낮음 / 주거비 낮음
1171010300,송파구,풍납동,주거비관측,0.334919,0.1845,30.523234,안정형,CI 낮음 / 주거비 낮음
1147010200,양천구,목동,주거비관측,0.279104,0.1819,24.598214,안정형,CI 낮음 / 주거비 낮음
1147010300,양천구,신월동,주거비관측,0.369553,0.1724,31.554296,안정형,CI 낮음 / 주거비 낮음
1147010100,양천구,신정동,주거비관측,0.315273,0.1922,29.87979,안정형,CI 낮음 / 주거비 낮음
1156013300,영등포구,대림동,주거비관측,0.386412,0.1718,32.991844,안정형,CI 낮음 / 주거비 낮음
1156011900,영등포구,문래동1가,주거비관측,0.258563,0.1959,24.53559,안정형,CI 낮음 / 주거비 낮음
1156012100,영등포구,문래동3가,주거비관측,0.271339,0.1887,24.830731,안정형,CI 낮음 / 주거비 낮음
1117012000,용산구,도원동,주거비관측,0.387106,0.1373,25.877757,안정형,CI 낮음 / 주거비 낮음
1117011800,용산구,원효로4가,주거비관측,0.382677,0.197,37.830166,안정형,CI 낮음 / 주거비 낮음
1138010500,은평구,구산동,주거비관측,0.35283,0.183,32.014933,안정형,CI 낮음 / 주거비 낮음
1138010900,은평구,신사동,주거비관측,0.354646,0.1758,30.821078,안정형,CI 낮음 / 주거비 낮음
1138010800,은평구,역촌동,주거비관측,0.381936,0.1987,38.100732,안정형,CI 낮음 / 주거비 낮음
1138010700,은평구,응암동,주거비관측,0.375552,0.1749,32.614857,안정형,CI 낮음 / 주거비 낮음
1138011400,은평구,진관동,주거비관측,0.288944,0.137,18.587215,안정형,CI 낮음 / 주거비 낮음
1111014600,종로구,가회동,주거비관측,0.313893,0.1588,24.102243,안정형,CI 낮음 / 주거비 낮음
1111014800,종로구,계동,주거비관측,0.312389,0.1877,28.826339,안정형,CI 낮음 / 주거비 낮음
1111011000,종로구,누하동,주거비관측,0.305773,0.1561,22.965478,안정형,CI 낮음 / 주거비 낮음
1111018700,종로구,무악동,주거비관측,0.257106,0.1085,12.304385,안정형,CI 낮음 / 주거비 낮음
1111018400,종로구,부암동,주거비관측,0.291163,0.1883,26.778834,안정형,CI 낮음 / 주거비 낮음
1111011500,종로구,사직동,주거비관측,0.342613,0.1782,30.126008,안정형,CI 낮음 / 주거비 낮음
1111010200,종로구,신교동,주거비관측,0.305184,0.1949,29.280403,안정형,CI 낮음 / 주거비 낮음
1111014100,종로구,안국동,주거비관측,0.309378,0.1062,14.970243,안정형,CI 낮음 / 주거비 낮음
1111014900,종로구,원서동,주거비관측,0.314286,0.1957,30.369039,안정형,CI 낮음 / 주거비 낮음
1111010500,종로구,창성동,주거비관측,0.303362,0.1194,16.779149,안정형,CI 낮음 / 주거비 낮음
1111011200,종로구,체부동,주거비관측,0.340325,0.1855,31.242234,안정형,CI 낮음 / 주거비 낮음
1111011300,종로구,필운동,주거비관측,0.342233,0.1821,30.807024,안정형,CI 낮음 / 주거비 낮음
1114012900,중구,남산동2가,주거비관측,0.384289,0.0438,6.357592,안정형,CI 낮음 / 주거비 낮음
1126010400,중랑구,묵동,주거비관측,0.36807,0.1668,30.308987,안정형,CI 낮음 / 주거비 낮음
1168010300,강남구,개포동,주거비관측,0.252286,0.2113,25.962905,이탈진행형,CI 낮음 / 주거비 높음
1168010600,강남구,대치동,주거비관측,0.235725,0.2146,24.500195,이탈진행형,CI 낮음 / 주거비 높음
1168011100,강남구,세곡동,주거비관측,0.375236,0.2228,42.245723,이탈진행형,CI 낮음 / 주거비 높음
1168011400,강남구,일원동,주거비관측,0.302361,0.2293,34.57519,이탈진행형,CI 낮음 / 주거비 높음
1168010400,강남구,청담동,주거비관측,0.292976,0.233,34.001172,이탈진행형,CI 낮음 / 주거비 높음
1174010200,강동구,고덕동,주거비관측,0.229209,0.283,32.175205,이탈진행형,CI 낮음 / 주거비 높음
1174010800,강동구,성내동,주거비관측,0.392661,0.2022,39.98474,이탈진행형,CI 낮음 / 주거비 높음
1150010600,강서구,내발산동,주거비관측,0.279101,0.2136,29.353301,이탈진행형,CI 낮음 / 주거비 높음
1150010500,강서구,마곡동,주거비관측,0.383458,0.2384,46.445561,이탈진행형,CI 낮음 / 주거비 높음
1121510400,광진구,광장동,주거비관측,0.192192,0.2334,21.420978,이탈진행형,CI 낮음 / 주거비 높음
1121510500,광진구,자양동,주거비관측,0.392795,0.2018,39.914871,이탈진행형,CI 낮음 / 주거비 높음
1153010600,구로구,고척동,주거비관측,0.340844,0.2296,39.372953,이탈진행형,CI 낮음 / 주거비 높음
1153010100,구로구,신도림동,주거비관측,0.25536,0.2304,28.93354,이탈진행형,CI 낮음 / 주거비 높음
1153011000,구로구,온수동,주거비관측,0.336991,0.2016,33.825984,이탈진행형,CI 낮음 / 주거비 높음
1154510300,금천구,시흥동,주거비관측,0.395848,0.2045,40.820462,이탈진행형,CI 낮음 / 주거비 높음
1132010500,도봉구,쌍문동,주거비관측,0.362735,0.2017,36.634995,이탈진행형,CI 낮음 / 주거비 높음
1132010700,도봉구,창동,주거비관측,0.33563,0.2113,35.428328,이탈진행형,CI 낮음 / 주거비 높음
1123010500,동대문구,답십리동,주거비관측,0.367632,0.2083,38.47,이탈진행형,CI 낮음 / 주거비 높음
1159010600,동작구,동작동,주거비관측,0.320419,0.2755,44.757354,이탈진행형,CI 낮음 / 주거비 높음
1159010700,동작구,사당동,주거비관측,0.392619,0.216,42.892384,이탈진행형,CI 낮음 / 주거비 높음
1159010900,동작구,신대방동,주거비관측,0.368436,0.2152,39.926391,이탈진행형,CI 낮음 / 주거비 높음
1159010500,동작구,흑석동,주거비관측,0.312342,0.2247,35.033108,이탈진행형,CI 낮음 / 주거비 높음
1144010200,마포구,공덕동,주거비관측,0.361204,0.2224,40.487759,이탈진행형,CI 낮음 / 주거비 높음
1144011300,마포구,구수동,주거비관측,0.333333,0.2364,39.664364,이탈진행형,CI 낮음 / 주거비 높음
1144011800,마포구,당인동,주거비관측,0.391734,0.2097,41.463131,이탈진행형,CI 낮음 / 주거비 높음
1144010800,마포구,대흥동,주거비관측,0.386154,0.2439,47.932511,이탈진행형,CI 낮음 / 주거비 높음
1144010400,마포구,도화동,주거비관측,0.354373,0.2815,50.927853,이탈진행형,CI 낮음 / 주거비 높음
1144010700,마포구,마포동,주거비관측,0.335297,0.4852,84.751864,이탈진행형,CI 낮음 / 주거비 높음
1144012300,마포구,망원동,주거비관측,0.390708,0.2023,39.793552,이탈진행형,CI 낮음 / 주거비 높음
1144010900,마포구,염리동,주거비관측,0.327494,0.2312,38.007133,이탈진행형,CI 낮음 / 주거비 높음
1144010500,마포구,용강동,주거비관측,0.301349,0.2116,31.583581,이탈진행형,CI 낮음 / 주거비 높음
1144010600,마포구,토정동,주거비관측,0.29752,0.2761,41.462475,이탈진행형,CI 낮음 / 주거비 높음
1144011200,마포구,현석동,주거비관측,0.339463,0.4162,73.248832,이탈진행형,CI 낮음 / 주거비 높음
1141012000,서대문구,남가좌동,주거비관측,0.334387,0.2301,38.666058,이탈진행형,CI 낮음 / 주거비 높음
1141010700,서대문구,옥천동,주거비관측,0.365353,0.3078,57.753743,이탈진행형,CI 낮음 / 주거비 높음
1141010600,서대문구,천연동,주거비관측,0.367646,0.2414,45.012209,이탈진행형,CI 낮음 / 주거비 높음
1141011100,서대문구,홍제동,주거비관측,0.340499,0.2079,35.359015,이탈진행형,CI 낮음 / 주거비 높음
1165010700,서초구,반포동,주거비관측,0.241248,0.2077,24.242566,이탈진행형,CI 낮음 / 주거비 높음
1165010100,서초구,방배동,주거비관측,0.298133,0.2139,31.586397,이탈진행형,CI 낮음 / 주거비 높음
1165010800,서초구,서초동,주거비관측,0.30523,0.2085,31.516398,이탈진행형,CI 낮음 / 주거비 높음
1165010200,서초구,양재동,주거비관측,0.393245,0.2208,43.979583,이탈진행형,CI 낮음 / 주거비 높음
1165010600,서초구,잠원동,주거비관측,0.223655,0.2009,21.46108,이탈진행형,CI 낮음 / 주거비 높음
1120011000,성동구,금호동2가,주거비관측,0.332671,0.2694,45.480865,이탈진행형,CI 낮음 / 주거비 높음
1120011100,성동구,금호동3가,주거비관측,0.332533,0.2302,38.454611,이탈진행형,CI 낮음 / 주거비 높음
1120010400,성동구,도선동,주거비관측,0.385829,0.2023,39.263077,이탈진행형,CI 낮음 / 주거비 높음
1120011300,성동구,옥수동,주거비관측,0.28543,0.2353,33.408975,이탈진행형,CI 낮음 / 주거비 높음
1120010800,성동구,응봉동,주거비관측,0.247472,0.217,26.17436,이탈진행형,CI 낮음 / 주거비 높음
1129013400,성북구,길음동,주거비관측,0.248076,0.3066,38.191715,이탈진행형,CI 낮음 / 주거비 높음
1129010300,성북구,돈암동,주거비관측,0.359899,0.2386,43.465431,이탈진행형,CI 낮음 / 주거비 높음
1129010700,성북구,동소문동4가,주거비관측,0.39175,0.2144,42.454619,이탈진행형,CI 낮음 / 주거비 높음
1129010100,성북구,성북동,주거비관측,0.392401,0.2208,43.879409,이탈진행형,CI 낮음 / 주거비 높음
1129010200,성북구,성북동1가,주거비관측,0.391788,0.2059,40.669064,이탈진행형,CI 낮음 / 주거비 높음
1129013800,성북구,장위동,주거비관측,0.393408,0.2201,43.850952,이탈진행형,CI 낮음 / 주거비 높음
1129013500,성북구,종암동,주거비관측,0.358464,0.228,41.239113,이탈진행형,CI 낮음 / 주거비 높음
1129013600,성북구,하월곡동,주거비관측,0.348633,0.2387,42.039332,이탈진행형,CI 낮음 / 주거비 높음
1171010700,송파구,가락동,주거비관측,0.280242,0.2036,27.978026,이탈진행형,CI 낮음 / 주거비 높음
1171011300,송파구,거여동,주거비관측,0.30502,0.2213,33.591307,이탈진행형,CI 낮음 / 주거비 높음
1171011100,송파구,방이동,주거비관측,0.374679,0.2129,40.185339,이탈진행형,CI 낮음 / 주거비 높음
1171011200,송파구,오금동,주거비관측,0.324563,0.207,33.421349,이탈진행형,CI 낮음 / 주거비 높음
1117013200,용산구,동빙고동,주거비관측,0.297042,0.2684,40.162102,이탈진행형,CI 낮음 / 주거비 높음
1117011500,용산구,산천동,주거비관측,0.382839,0.2151,41.571759,이탈진행형,CI 낮음 / 주거비 높음
1117013300,용산구,서빙고동,주거비관측,0.296871,0.2994,45.083967,이탈진행형,CI 낮음 / 주거비 높음
1117011400,용산구,신창동,주거비관측,0.382508,0.2131,41.122326,이탈진행형,CI 낮음 / 주거비 높음
1117012100,용산구,용문동,주거비관측,0.387238,0.2393,47.117223,이탈진행형,CI 낮음 / 주거비 높음
1117011700,용산구,원효로3가,주거비관측,0.38176,0.217,41.836847,이탈진행형,CI 낮음 / 주거비 높음
1117012900,용산구,이촌동,주거비관측,0.218699,0.2177,22.900682,이탈진행형,CI 낮음 / 주거비 높음
1117013400,용산구,주성동,주거비관측,0.295183,0.2123,30.993337,이탈진행형,CI 낮음 / 주거비 높음
1117013100,용산구,한남동,주거비관측,0.342811,0.3185,55.996087,이탈진행형,CI 낮음 / 주거비 높음
1117011900,용산구,효창동,주거비관측,0.335536,0.24,40.593543,이탈진행형,CI 낮음 / 주거비 높음
1138010200,은평구,녹번동,주거비관측,0.384938,0.2069,40.117917,이탈진행형,CI 낮음 / 주거비 높음
1138010100,은평구,수색동,주거비관측,0.325706,0.2875,47.640971,이탈진행형,CI 낮음 / 주거비 높음
1138011000,은평구,증산동,주거비관측,0.329968,0.2259,37.374569,이탈진행형,CI 낮음 / 주거비 높음
1111018200,종로구,구기동,주거비관측,0.232863,0.2185,24.658161,이탈진행형,CI 낮음 / 주거비 높음
1111011800,종로구,내수동,주거비관측,0.342529,0.2028,34.6469,이탈진행형,CI 낮음 / 주거비 높음
1111010900,종로구,누상동,주거비관측,0.306491,0.2202,33.585172,이탈진행형,CI 낮음 / 주거비 높음
1111012100,종로구,신문로2가,주거비관측,0.342578,0.4811,85.89557,이탈진행형,CI 낮음 / 주거비 높음
1111018600,종로구,신영동,주거비관측,0.291103,0.237,34.392452,이탈진행형,CI 낮음 / 주거비 높음
1111011100,종로구,옥인동,주거비관측,0.305202,0.3122,48.52439,이탈진행형,CI 낮음 / 주거비 높음
1111010100,종로구,청운동,주거비관측,0.305462,0.2723,42.017123,이탈진행형,CI 낮음 / 주거비 높음
1111010800,종로구,통인동,주거비관측,0.304731,0.2767,42.630787,이탈진행형,CI 낮음 / 주거비 높음
1111018300,종로구,평창동,주거비관측,0.233314,0.206,23.143624,이탈진행형,CI 낮음 / 주거비 높음
1111018100,종로구,행촌동,주거비관측,0.317167,0.2105,33.195127,이탈진행형,CI 낮음 / 주거비 높음
1111018500,종로구,홍지동,주거비관측,0.290399,0.301,44.29216,이탈진행형,CI 낮음 / 주거비 높음
1111017900,종로구,홍파동,주거비관측,0.316753,0.2289,36.280795,이탈진행형,CI 낮음 / 주거비 높음
1111010400,종로구,효자동,주거비관측,0.304015,0.2045,30.726622,이탈진행형,CI 낮음 / 주거비 높음
1126010600,중랑구,신내동,주거비관측,0.343329,0.215,36.985466,이탈진행형,CI 낮음 / 주거비 높음
1168010800,강남구,논현동,주거비관측,0.477301,0.1838,44.463036,잠재위험형,CI 높음 / 주거비 낮음
1168010100,강남구,역삼동,주거비관측,0.440982,0.1844,41.017324,잠재위험형,CI 높음 / 주거비 낮음
1174010900,강동구,천호동,주거비관측,0.456162,0.1888,43.600663,잠재위험형,CI 높음 / 주거비 낮음
1130510100,강북구,미아동,주거비관측,0.402287,0.1872,37.787558,잠재위험형,CI 높음 / 주거비 낮음
1130510200,강북구,번동,주거비관측,0.509665,0.1893,49.166939,잠재위험형,CI 높음 / 주거비 낮음
1130510300,강북구,수유동,주거비관측,0.432368,0.163,35.190377,잠재위험형,CI 높음 / 주거비 낮음
1150010900,강서구,방화동,주거비관측,0.414838,0.1766,36.686994,잠재위험형,CI 높음 / 주거비 낮음
1150010300,강서구,화곡동,주거비관측,0.404406,0.1783,36.066313,잠재위험형,CI 높음 / 주거비 낮음
1162010300,관악구,남현동,주거비관측,0.460272,0.1952,45.600925,잠재위험형,CI 높음 / 주거비 낮음
1162010200,관악구,신림동,주거비관측,0.532222,0.1961,53.407197,잠재위험형,CI 높음 / 주거비 낮음
1121510200,광진구,능동,주거비관측,0.502631,0.1716,43.669442,잠재위험형,CI 높음 / 주거비 낮음
1121510100,광진구,중곡동,주거비관측,0.445191,0.1963,44.281917,잠재위험형,CI 높음 / 주거비 낮음
1121510700,광진구,화양동,주거비관측,0.685864,0.1578,55.482185,잠재위험형,CI 높음 / 주거비 낮음
1154510100,금천구,가산동,주거비관측,0.629991,0.1932,62.730148,잠재위험형,CI 높음 / 주거비 낮음
1154510200,금천구,독산동,주거비관측,0.457359,0.1988,46.180298,잠재위험형,CI 높음 / 주거비 낮음
1135010300,노원구,공릉동,주거비관측,0.403958,0.18,36.392408,잠재위험형,CI 높음 / 주거비 낮음
1135010200,노원구,월계동,주거비관측,0.411258,0.1896,39.220693,잠재위험형,CI 높음 / 주거비 낮음
1135010400,노원구,하계동,주거비관측,0.420677,0.1973,41.921639,잠재위험형,CI 높음 / 주거비 낮음
1123010100,동대문구,신설동,주거비관측,0.474316,0.1353,31.803737,잠재위험형,CI 높음 / 주거비 낮음
1123010300,동대문구,제기동,주거비관측,0.491295,0.1794,44.683571,잠재위험형,CI 높음 / 주거비 낮음
1123010800,동대문구,회기동,주거비관측,0.560957,0.1879,53.963506,잠재위험형,CI 높음 / 주거비 낮음
1123010900,동대문구,휘경동,주거비관측,0.451925,0.1133,24.831538,잠재위험형,CI 높음 / 주거비 낮음
1159010800,동작구,대방동,주거비관측,0.398648,0.1784,35.535942,잠재위험형,CI 높음 / 주거비 낮음
1159010400,동작구,본동,주거비관측,0.45923,0.1787,41.419001,잠재위험형,CI 높음 / 주거비 낮음
1159010300,동작구,상도1동,주거비관측,0.429321,0.1707,36.700261,잠재위험형,CI 높음 / 주거비 낮음
1144012400,마포구,연남동,주거비관측,0.47211,0.1821,43.518801,잠재위험형,CI 높음 / 주거비 낮음
1144012600,마포구,중동,주거비관측,0.452549,0.1866,42.698897,잠재위험형,CI 높음 / 주거비 낮음
1141011200,서대문구,대현동,주거비관측,0.56941,0.1833,53.409376,잠재위험형,CI 높음 / 주거비 낮음
1141011700,서대문구,연희동,주거비관측,0.448292,0.1798,40.633416,잠재위험형,CI 높음 / 주거비 낮음
1141010100,서대문구,충정로2가,주거비관측,0.411234,0.1742,35.814394,잠재위험형,CI 높음 / 주거비 낮음
1120010500,성동구,마장동,주거비관측,0.409801,0.1747,35.790346,잠재위험형,CI 높음 / 주거비 낮음
1120010700,성동구,행당동,주거비관측,0.402606,0.1745,35.071517,잠재위험형,CI 높음 / 주거비 낮음
1129011600,성북구,동선동1가,주거비관측,0.546534,0.1586,43.899952,잠재위험형,CI 높음 / 주거비 낮음
1129011900,성북구,동선동4가,주거비관측,0.546772,0.1188,32.223789,잠재위험형,CI 높음 / 주거비 낮음
1129012000,성북구,동선동5가,주거비관측,0.545964,0.1375,37.659602,잠재위험형,CI 높음 / 주거비 낮음
1129010900,성북구,동소문동6가,주거비관측,0.54845,0.1463,40.437475,잠재위험형,CI 높음 / 주거비 낮음
1129011000,성북구,동소문동7가,주거비관측,0.54887,0.1889,53.037854,잠재위험형,CI 높음 / 주거비 낮음
1129013000,성북구,보문동1가,주거비관측,0.4051,0.1952,39.812485,잠재위험형,CI 높음 / 주거비 낮음
1129013100,성북구,보문동2가,주거비관측,0.404843,0.072,12.977683,잠재위험형,CI 높음 / 주거비 낮음
1129013200,성북구,보문동3가,주거비관측,0.40533,0.1016,19.445108,잠재위험형,CI 높음 / 주거비 낮음
1129012600,성북구,보문동4가,주거비관측,0.403971,0.098,18.589237,잠재위험형,CI 높음 / 주거비 낮음
1129012700,성북구,보문동5가,주거비관측,0.405291,0.1979,40.420696,잠재위험형,CI 높음 / 주거비 낮음
1129012800,성북구,보문동6가,주거비관측,0.405739,0.1729,35.016376,잠재위험형,CI 높음 / 주거비 낮음
1129012900,성북구,보문동7가,주거비관측,0.404194,0.173,34.894561,잠재위험형,CI 높음 / 주거비 낮음
1129011200,성북구,삼선동2가,주거비관측,0.425215,0.1848,39.546029,잠재위험형,CI 높음 / 주거비 낮음
1129011500,성북구,삼선동5가,주거비관측,0.424335,0.1995,42.811309,잠재위험형,CI 높음 / 주거비 낮음
1129013700,성북구,상월곡동,주거비관측,0.428234,0.1863,40.191139,잠재위험형,CI 높음 / 주거비 낮음
1129012200,성북구,안암동2가,주거비관측,0.582066,0.086,24.215917,잠재위험형,CI 높음 / 주거비 낮음
1129012400,성북구,안암동4가,주거비관측,0.582208,0.1364,39.993957,잠재위험형,CI 높음 / 주거비 낮음
1171010600,송파구,삼전동,주거비관측,0.471647,0.1947,46.667657,잠재위험형,CI 높음 / 주거비 낮음
1156011200,영등포구,당산동2가,주거비관측,0.464703,0.1268,28.981568,잠재위험형,CI 높음 / 주거비 낮음
1156011300,영등포구,당산동3가,주거비관측,0.464972,0.1855,43.669869,잠재위험형,CI 높음 / 주거비 낮음
1156012700,영등포구,양평동3가,주거비관측,0.42704,0.1638,34.907265,잠재위험형,CI 높음 / 주거비 낮음
1156012800,영등포구,양평동4가,주거비관측,0.408586,0.1847,37.872399,잠재위험형,CI 높음 / 주거비 낮음
1156010200,영등포구,영등포동1가,주거비관측,0.641485,0.1639,53.821406,잠재위험형,CI 높음 / 주거비 낮음
1156010300,영등포구,영등포동2가,주거비관측,0.64171,0.1822,60.15307,잠재위험형,CI 높음 / 주거비 낮음
1156010400,영등포구,영등포동3가,주거비관측,0.641982,0.1753,57.798833,잠재위험형,CI 높음 / 주거비 낮음
1156010600,영등포구,영등포동5가,주거비관측,0.641954,0.1659,54.552804,잠재위험형,CI 높음 / 주거비 낮음
1117010400,용산구,갈월동,주거비관측,0.753065,0.1611,62.517518,잠재위험형,CI 높음 / 주거비 낮음
1117010500,용산구,남영동,주거비관측,0.750421,0.1738,67.411013,잠재위험형,CI 높음 / 주거비 낮음
1117012200,용산구,문배동,주거비관측,0.45947,0.1312,29.711555,잠재위험형,CI 높음 / 주거비 낮음
1117013600,용산구,보광동,주거비관측,0.480861,0.195,47.709401,잠재위험형,CI 높음 / 주거비 낮음
1117012300,용산구,신계동,주거비관측,0.458723,0.1931,44.920715,잠재위험형,CI 높음 / 주거비 낮음
1117012800,용산구,한강로3가,주거비관측,0.410593,0.1845,38.02743,잠재위험형,CI 높음 / 주거비 낮음
1138010400,은평구,갈현동,주거비관측,0.399897,0.1888,37.890988,잠재위험형,CI 높음 / 주거비 낮음
1111017000,종로구,명륜1가,주거비관측,0.472228,0.1678,39.900807,잠재위험형,CI 높음 / 주거비 낮음
1111017100,종로구,명륜2가,주거비관측,0.472495,0.1273,29.639635,잠재위험형,CI 높음 / 주거비 낮음
1111017300,종로구,명륜3가,주거비관측,0.472267,0.1959,47.037105,잠재위험형,CI 높음 / 주거비 낮음
1111017200,종로구,명륜4가,주거비관측,0.471554,0.1633,38.699477,잠재위험형,CI 높음 / 주거비 낮음
1111016600,종로구,연건동,주거비관측,0.500045,0.1782,45.204772,잠재위험형,CI 높음 / 주거비 낮음
1111016000,종로구,연지동,주거비관측,0.546198,0.0554,13.574648,잠재위험형,CI 높음 / 주거비 낮음
1111013200,종로구,운니동,주거비관측,0.643742,0.0456,13.088359,잠재위험형,CI 높음 / 주거비 낮음
1111016500,종로구,이화동,주거비관측,0.499869,0.1808,45.886526,잠재위험형,CI 높음 / 주거비 낮음
1111016700,종로구,충신동,주거비관측,0.5462,0.16,44.282496,잠재위험형,CI 높음 / 주거비 낮음
1114014600,중구,광희동2가,주거비관측,0.551896,0.1385,38.394693,잠재위험형,CI 높음 / 주거비 낮음
1114017300,중구,만리동1가,주거비관측,0.412633,0.1589,32.552135,잠재위험형,CI 높음 / 주거비 낮음
1114017400,중구,만리동2가,주거비관측,0.414018,0.1381,28.0418,잠재위험형,CI 높음 / 주거비 낮음
1114016400,중구,무학동,주거비관측,0.475732,0.1828,44.052355,잠재위험형,CI 높음 / 주거비 낮음
1114013600,중구,묵정동,주거비관측,0.506212,0.1606,41.006881,잠재위험형,CI 높음 / 주거비 낮음
1114014800,중구,을지로6가,주거비관측,0.54315,0.1529,41.947465,잠재위험형,CI 높음 / 주거비 낮음
1114017100,중구,중림동,주거비관측,0.41413,0.187,38.934668,잠재위험형,CI 높음 / 주거비 낮음
1114013800,중구,필동2가,주거비관측,0.491083,0.1763,43.844933,잠재위험형,CI 높음 / 주거비 낮음
1114013900,중구,필동3가,주거비관측,0.493177,0.1941,48.761685,잠재위험형,CI 높음 / 주거비 낮음
1114016500,중구,황학동,주거비관측,0.508556,0.176,45.418681,잠재위험형,CI 높음 / 주거비 낮음
1114012200,중구,회현동2가,주거비관측,0.472021,0.0106,0,잠재위험형,CI 높음 / 주거비 낮음
1126010200,중랑구,상봉동,주거비관측,0.477147,0.1886,45.678765,잠재위험형,CI 높음 / 주거비 낮음
1168011500,강남구,수서동,주거비자료없음,0.547573,,,,
1168011000,강남구,압구정동,주거비자료없음,0.240064,,,,
1174011000,강동구,강일동,주거비자료없음,0.350323,,,,
1150011000,강서구,개화동,주거비자료없음,0.475536,,,,
1150011100,강서구,과해동,주거비자료없음,0,,,,
1150011200,강서구,오곡동,주거비자료없음,0,,,,
1150011300,강서구,오쇠동,주거비자료없음,0,,,,
1144011700,마포구,신정동,주거비자료없음,0.370719,,,,
1141010400,서대문구,미근동,주거비자료없음,0.402359,,,,
1141011500,서대문구,봉원동,주거비자료없음,0.641603,,,,
1141010300,서대문구,합동,주거비자료없음,0.410438,,,,
1141010900,서대문구,현저동,주거비자료없음,0.367584,,,,
1165010400,서초구,원지동,주거비자료없음,0.414636,,,,
1120010100,성동구,상왕십리동,주거비자료없음,0.385692,,,,
1129010500,성북구,동소문동2가,주거비자료없음,0.423369,,,,
1129010600,성북구,동소문동3가,주거비자료없음,0.383284,,,,
1129010800,성북구,동소문동5가,주거비자료없음,0.42373,,,,
1171010200,송파구,신천동,주거비자료없음,0.162318,,,,
1171010900,송파구,장지동,주거비자료없음,0.326982,,,,
1156011500,영등포구,당산동5가,주거비자료없음,0.421401,,,,
1156012000,영등포구,문래동2가,주거비자료없음,0.268707,,,,
1156012200,영등포구,문래동4가,주거비자료없음,0.270564,,,,
1156012300,영등포구,문래동5가,주거비자료없음,0.270729,,,,
1156012400,영등포구,문래동6가,주거비자료없음,0.271236,,,,
1156013400,영등포구,양평동,주거비자료없음,0,,,,
1156013100,영등포구,양화동,주거비자료없음,0,,,,
1156011000,영등포구,여의도동,주거비자료없음,0.251337,,,,
1117010600,용산구,용산동1가,주거비자료없음,0,,,,
1117010300,용산구,용산동4가,주거비자료없음,0,,,,
1117012700,용산구,용산동5가,주거비자료없음,0.409904,,,,
1117013500,용산구,용산동6가,주거비자료없음,0,,,,
1117011600,용산구,청암동,주거비자료없음,0.380101,,,,
1111012900,종로구,견지동,주거비자료없음,0.650187,,,,
1111013400,종로구,경운동,주거비자료없음,0.654338,,,,
1111012700,종로구,공평동,주거비자료없음,0,,,,
1111013500,종로구,관철동,주거비자료없음,0.652637,,,,
1111012800,종로구,관훈동,주거비자료없음,0.639489,,,,
1111017600,종로구,교남동,주거비자료없음,0.313222,,,,
1111018000,종로구,교북동,주거비자료없음,0.316411,,,,
1111010300,종로구,궁정동,주거비자료없음,0.299625,,,,
1111013100,종로구,권농동,주거비자료없음,0.651841,,,,
1111013700,종로구,낙원동,주거비자료없음,0.652438,,,,
1111011400,종로구,내자동,주거비자료없음,0.305597,,,,
1111011700,종로구,당주동,주거비자료없음,0.33525,,,,
1111011600,종로구,도렴동,주거비자료없음,0,,,,
1111015300,종로구,돈의동,주거비자료없음,0.650744,,,,
1111015100,종로구,묘동,주거비자료없음,0.637305,,,,
1111015200,종로구,봉익동,주거비자료없음,0.647549,,,,
1111014400,종로구,사간동,주거비자료없음,0.303156,,,,
1111014000,종로구,삼청동,주거비자료없음,0.316712,,,,
1111012300,종로구,서린동,주거비자료없음,0,,,,
1111011900,종로구,세종로,주거비자료없음,0,,,,
1111014200,종로구,소격동,주거비자료없음,0.303156,,,,
1111017800,종로구,송월동,주거비자료없음,0.315708,,,,
1111014500,종로구,송현동,주거비자료없음,0,,,,
1111012400,종로구,수송동,주거비자료없음,0.648021,,,,
1111012000,종로구,신문로1가,주거비자료없음,0.305597,,,,
1111015800,종로구,예지동,주거비자료없음,0.649826,,,,
1111013000,종로구,와룡동,주거비자료없음,0.552281,,,,
1111015900,종로구,원남동,주거비자료없음,0.652132,,,,
1111013300,종로구,익선동,주거비자료없음,0.65165,,,,
1111013600,종로구,인사동,주거비자료없음,0.644507,,,,
1111015700,종로구,인의동,주거비자료없음,0.652069,,,,
1111015400,종로구,장사동,주거비자료없음,0.644321,,,,
1111014700,종로구,재동,주거비자료없음,0.306,,,,
1111010700,종로구,적선동,주거비자료없음,0.29529,,,,
1111012600,종로구,종로1가,주거비자료없음,0.646473,,,,
1111013800,종로구,종로2가,주거비자료없음,0.622393,,,,
1111015600,종로구,종로3가,주거비자료없음,0.652125,,,,
1111016100,종로구,종로4가,주거비자료없음,0.568919,,,,
1111016300,종로구,종로5가,주거비자료없음,0.544727,,,,
1111016400,종로구,종로6가,주거비자료없음,0.545178,,,,
1111012500,종로구,중학동,주거비자료없음,0.370433,,,,
1111012200,종로구,청진동,주거비자료없음,0.667,,,,
1111010600,종로구,통의동,주거비자료없음,0.33498,,,,
1111013900,종로구,팔판동,주거비자료없음,0.315223,,,,
1111017700,종로구,평동,주거비자료없음,0.31728,,,,
1111014300,종로구,화동,주거비자료없음,0.30799,,,,
1111016200,종로구,효제동,주거비자료없음,0.543727,,,,
1111015000,종로구,훈정동,주거비자료없음,0,,,,
1114014500,중구,광희동1가,주거비자료없음,0.548073,,,,
1114010600,중구,남대문로1가,주거비자료없음,0,,,,
1114011500,중구,남대문로2가,주거비자료없음,0,,,,
1114011600,중구,남대문로3가,주거비자료없음,0.250878,,,,
1114011700,중구,남대문로4가,주거비자료없음,0.234979,,,,
1114011800,중구,남대문로5가,주거비자료없음,0.509457,,,,
1114012800,중구,남산동1가,주거비자료없음,0.327638,,,,
1114013000,중구,남산동3가,주거비자료없음,0.336733,,,,
1114011200,중구,남창동,주거비자료없음,0.510415,,,,
1114014000,중구,남학동,주거비자료없음,0.454059,,,,
1114010200,중구,다동,주거비자료없음,0.276993,,,,
1114012600,중구,명동1가,주거비자료없음,0,,,,
1114012700,중구,명동2가,주거비자료없음,0.379714,,,,
1114010100,중구,무교동,주거비자료없음,0,,,,
1114015300,중구,방산동,주거비자료없음,0.5409,,,,
1114011900,중구,봉래동1가,주거비자료없음,0.400752,,,,
1114012000,중구,봉래동2가,주거비자료없음,0,,,,
1114011300,중구,북창동,주거비자료없음,0.399912,,,,
1114015700,중구,산림동,주거비자료없음,0.546833,,,,
1114010700,중구,삼각동,주거비자료없음,0,,,,
1114016600,중구,서소문동,주거비자료없음,0.355115,,,,
1114011100,중구,소공동,주거비자료없음,0,,,,
1114011000,중구,수표동,주거비자료없음,0,,,,
1114010800,중구,수하동,주거비자료없음,0,,,,
1114016800,중구,순화동,주거비자료없음,0.447233,,,,
1114013500,중구,예관동,주거비자료없음,0.469958,,,,
1114015400,중구,오장동,주거비자료없음,0.549535,,,,
1114010400,중구,을지로1가,주거비자료없음,0,,,,
1114010500,중구,을지로2가,주거비자료없음,0.310552,,,,
1114015500,중구,을지로3가,주거비자료없음,0.545505,,,,
1114015000,중구,을지로4가,주거비자료없음,0.549308,,,,
1114015100,중구,을지로5가,주거비자료없음,0.551673,,,,
1114014900,중구,을지로7가,주거비자료없음,0.519553,,,,
1114016900,중구,의주로1가,주거비자료없음,0.402976,,,,
1114017200,중구,의주로2가,주거비자료없음,0.261926,,,,
1114016000,중구,인현동1가,주거비자료없음,0.536496,,,,
1114013400,중구,인현동2가,주거비자료없음,0.550625,,,,
1114015600,중구,입정동,주거비자료없음,0.553679,,,,
1114010900,중구,장교동,주거비자료없음,0,,,,
1114013100,중구,저동1가,주거비자료없음,0.298575,,,,
1114016100,중구,저동2가,주거비자료없음,0.54775,,,,
1114016700,중구,정동,주거비자료없음,0.407293,,,,
1114015200,중구,주교동,주거비자료없음,0.550604,,,,
1114014100,중구,주자동,주거비자료없음,0.44452,,,,
1114015900,중구,초동,주거비자료없음,0.545479,,,,
1114012400,중구,충무로1가,주거비자료없음,0.193382,,,,
1114012500,중구,충무로2가,주거비자료없음,0.362685,,,,
1114015800,중구,충무로3가,주거비자료없음,0.490955,,,,
1114013200,중구,충무로4가,주거비자료없음,0.532589,,,,
1114013300,중구,충무로5가,주거비자료없음,0.531263,,,,
1114017000,중구,충정로1가,주거비자료없음,0,,,,
1114010300,중구,태평로1가,주거비자료없음,0,,,,
1114011400,중구,태평로2가,주거비자료없음,0.380648,,,,
1114013700,중구,필동1가,주거비자료없음,0.48724,,,,
1114012300,중구,회현동3가,주거비자료없음,0.344432,,,,
1114016300,중구,흥인동,주거비자료없음,0.516932,,,,
